{"client":"Thunder Client","collectionName":"examen_1ev","dateExported":"2022-11-28T11:19:00.410Z","version":"1.1","folders":[],"requests":[{"_id":"e6a8d797-98c8-4d66-9466-a4907eca89b3","colId":"55f22eff-e6ef-4790-b1c5-f5a12962497e","containerId":"","name":"GET /eventos","url":"localhost:8080/eventos","method":"GET","sortNum":10000,"created":"2022-11-28T10:35:26.266Z","modified":"2022-11-28T10:36:00.671Z","headers":[],"params":[],"tests":[]},{"_id":"eb7ebd57-b42b-454f-bd7f-eb65cfdbad7c","colId":"55f22eff-e6ef-4790-b1c5-f5a12962497e","containerId":"","name":"GET /eventos/:id ","url":"localhost:8080/eventos/638498b686476b2694a38490","method":"GET","sortNum":20000,"created":"2022-11-28T10:35:30.151Z","modified":"2022-11-28T11:17:22.426Z","headers":[],"params":[],"tests":[]},{"_id":"5c37d33c-d72c-4d95-a62a-d14ad24d1992","colId":"55f22eff-e6ef-4790-b1c5-f5a12962497e","containerId":"","name":"POST /eventos","url":"localhost:8080/eventos","method":"POST","sortNum":30000,"created":"2022-11-28T10:35:35.826Z","modified":"2022-11-28T10:52:43.338Z","headers":[],"params":[],"body":{"type":"json","raw":"{\n  \"titulo\": \"Mundial de baloncesto\",\n  \"descripcion\":\"Todos los equipos de cada pais se enfrentan entre si para saber quien es el mejor equipo del mundo\",\n  \"telefono\":123456789,\n  \"tipo\":\"deporte\",\n  \"puntuacion\":5,\n  \"precio\":25,\n  \"imagen\":\"https://www.google.com/search?q=mundial+de+baloncesto&client=opera-gx&tbm=isch&source=iu&ictx=1&vet=1&fir=slOwZ22Ofz0RhM%252C0-Pr0yOL1_fNTM%252C%252Fm%252F05ygwn%253BHp7SlWkH2qp-pM%252CU13Hd4ZIb7N80M%252C_%253BsH3O5lYZ9B3dnM%252CkmlfKHnnG-muTM%252C_%253B37Y9hvL0AS4Q6M%252CO6SWGa1xeIJ5TM%252C_%253BVnTqHbN3G8gV1M%252CiVl_BrLbTvwLeM%252C_&usg=AI4_-kQinNfDc0GDj5FU2tB7Q4wnEoyIWA&sa=X&ved=2ahUKEwj_7oCI2tD7AhXmyAIHHbtZCTEQ_B16BAhZEAE#imgrc=slOwZ22Ofz0RhM\"\n}","form":[]},"tests":[]},{"_id":"b5e589c5-a0b6-44a2-9775-8da1b3dcc628","colId":"55f22eff-e6ef-4790-b1c5-f5a12962497e","containerId":"","name":"PUT /eventos/:id","url":"localhost:8080/eventos/638498cb86476b2694a38497","method":"PUT","sortNum":40000,"created":"2022-11-28T10:35:39.082Z","modified":"2022-11-28T11:18:40.783Z","headers":[],"params":[],"body":{"type":"json","raw":"{\n  \"titulo\": \"Mundial de futbol\",\n  \"descripcion\":\"Todos los equipos de cada pais se enfrentan entre si para saber quien es el mejor equipo del mundo\",\n  \"telefono\":987456321,\n  \"tipo\":\"deporte\",\n  \"puntuacion\":2,\n  \"precio\":5,\n  \"imagen\":\"https://www.google.com/search?q=mundial+de+baloncesto&client=opera-gx&tbm=isch&source=iu&ictx=1&vet=1&fir=slOwZ22Ofz0RhM%252C0-Pr0yOL1_fNTM%252C%252Fm%252F05ygwn%253BHp7SlWkH2qp-pM%252CU13Hd4ZIb7N80M%252C_%253BsH3O5lYZ9B3dnM%252CkmlfKHnnG-muTM%252C_%253B37Y9hvL0AS4Q6M%252CO6SWGa1xeIJ5TM%252C_%253BVnTqHbN3G8gV1M%252CiVl_BrLbTvwLeM%252C_&usg=AI4_-kQinNfDc0GDj5FU2tB7Q4wnEoyIWA&sa=X&ved=2ahUKEwj_7oCI2tD7AhXmyAIHHbtZCTEQ_B16BAhZEAE#imgrc=slOwZ22Ofz0RhM\"\n}","form":[]},"tests":[]},{"_id":"d78deeb9-99a2-4775-87dd-704935fc1f12","colId":"55f22eff-e6ef-4790-b1c5-f5a12962497e","containerId":"","name":"post /eventos/comentarios/:idEvento","url":"localhost:8080/eventos/comentarios/638498cb86476b2694a38497","method":"POST","sortNum":50000,"created":"2022-11-28T10:35:42.795Z","modified":"2022-11-28T11:18:37.288Z","headers":[],"params":[],"body":{"type":"json","raw":"{\n  \"creador\": \"Andrés Mauricio\",\n  \"fecha\": \"01-01-2020\"\n}","form":[]},"tests":[]},{"_id":"a1730796-3daf-4850-91c1-7f33431551b1","colId":"55f22eff-e6ef-4790-b1c5-f5a12962497e","containerId":"","name":"DELETE /eventos/:id","url":"localhost:8080/eventos/638498cb86476b2694a38497","method":"DELETE","sortNum":60000,"created":"2022-11-28T10:35:46.229Z","modified":"2022-11-28T11:18:33.081Z","headers":[],"params":[],"tests":[]}]}
