{"client":"Thunder Client","collectionName":"Juegos","dateExported":"2022-10-27T10:26:30.143Z","version":"1.1","folders":[],"requests":[{"_id":"d79e58ac-b658-475f-b588-28bed10d8498","colId":"af3a9009-a1bc-4a0a-bcab-22b3c07f5aa1","containerId":"","name":"/juegos?query","url":"localhost:8080/juegos?tipo=Shooter","method":"GET","sortNum":10000,"created":"2022-10-13T11:42:37.898Z","modified":"2022-10-26T10:16:03.759Z","headers":[],"params":[{"name":"tipo","value":"Shooter","isPath":false}],"tests":[]},{"_id":"b34cce5a-7e0c-4340-87cc-550a3a05cab9","colId":"af3a9009-a1bc-4a0a-bcab-22b3c07f5aa1","containerId":"","name":"juegos/:id","url":"localhost:8080/juegos/3","method":"GET","sortNum":20000,"created":"2022-10-13T11:45:22.334Z","modified":"2022-10-26T16:58:48.070Z","headers":[],"params":[],"tests":[]},{"_id":"2d908bfe-09cd-4697-ac3c-eca5f529106e","colId":"af3a9009-a1bc-4a0a-bcab-22b3c07f5aa1","containerId":"","name":"/juegos","url":"localhost:8080/juegos","method":"POST","sortNum":30000,"created":"2022-10-26T17:04:24.533Z","modified":"2022-10-26T17:07:55.652Z","headers":[],"params":[],"body":{"type":"json","raw":"{\n  \"id\": 5,\n  \"nombre\": \"League Of Legends\",\n  \"descripcion\": \"Juego MMORPG que tienes que ir al nexo enemigo\",\n  \"edadMinima\": 15,\n  \"numeroJugadores\": 5,\n  \"tipo\": \"MMORPG\",\n  \"precio\": 0\n}","form":[]},"tests":[]},{"_id":"13835771-bfa9-4220-a2c8-1f7d151ffe36","colId":"af3a9009-a1bc-4a0a-bcab-22b3c07f5aa1","containerId":"","name":"/juegos:id","url":"localhost:8080/juegos/3","method":"PUT","sortNum":40000,"created":"2022-10-26T17:11:37.147Z","modified":"2022-10-27T10:21:24.112Z","headers":[],"params":[],"body":{"type":"json","raw":"{\n  \"nombre\": \"Modificado3\",\n  \"descripcion\": \"Hola\",\n  \"edadMinima\": 15,\n  \"numeroJugadores\": 5,\n  \"tipo\": \"MMORPG\",\n  \"precio\": 0\n}","form":[]},"tests":[]},{"_id":"efd3c957-baa0-4a1d-a109-bf03c4e499f4","colId":"af3a9009-a1bc-4a0a-bcab-22b3c07f5aa1","containerId":"","name":"/juegos:id","url":"localhost:8080/juegos/3","method":"DELETE","sortNum":50000,"created":"2022-10-27T10:23:39.532Z","modified":"2022-10-27T10:23:47.766Z","headers":[],"params":[],"tests":[]}]}
