{"client":"Thunder Client","collectionName":"playREST_V2","dateExported":"2022-11-14T17:05:16.157Z","version":"1.1","folders":[],"requests":[{"_id":"03b37838-f91f-4fa1-8875-5d1a26b01f82","colId":"84a8d01b-c6db-4f20-9807-25c00ec8506a","containerId":"","name":"GET /juegos","url":"localhost:8080/juegos","method":"GET","sortNum":10000,"created":"2022-11-10T12:41:06.559Z","modified":"2022-11-11T10:14:11.040Z","headers":[],"params":[],"tests":[]},{"_id":"82b56f7b-02f8-49d5-b800-3e85fa626947","colId":"84a8d01b-c6db-4f20-9807-25c00ec8506a","containerId":"","name":"GET /juegos/:id","url":"localhost:8080/juegos/636e206baa71c42737c400bd","method":"GET","sortNum":20000,"created":"2022-11-10T12:50:42.041Z","modified":"2022-11-11T10:14:21.299Z","headers":[],"params":[],"tests":[]},{"_id":"457e79b5-a8fe-42c5-8920-5414859c5498","colId":"84a8d01b-c6db-4f20-9807-25c00ec8506a","containerId":"","name":"POST /juegos","url":"localhost:8080/juegos","method":"POST","sortNum":30000,"created":"2022-11-10T12:50:55.313Z","modified":"2022-11-14T17:04:16.163Z","headers":[],"params":[],"body":{"type":"json","raw":"{\n  \"nombre\": \"League Of Leguends\",\n  \"descripcion\":\"Llegar al nexo enemigo\",\n  \"edad\":12,\n  \"numeroJugadores\":10,\n  \"tipo\":\"rol\",\n  \"precio\":1,\n  \"imagen\":\"https://www.google.com/imgres?imgurl=https%3A%2F%2Fm.media-amazon.com%2Fimages%2FI%2F91MSg3Y%2BcOL._AC_SY355_.jpg&imgrefurl=https%3A%2F%2Fwww.amazon.es%2FMONOPOLY-Jeu-Classique-Nouvelle-Version%2Fdp%2FB06X9NDKS9&tbnid=GehX50BKC-wEqM&vet=12ahUKEwjUzZqo1KP7AhWkrycCHSTyB2gQMygCegUIARDwAQ..i&docid=uDt5fQC6IA7g8M&w=507&h=355&q=monopoly&client=opera-gx&ved=2ahUKEwjUzZqo1KP7AhWkrycCHSTyB2gQMygCegUIARDwAQ\"\n}","form":[]},"tests":[]},{"_id":"de12166e-72ff-4a6e-aae4-8a82e199915c","colId":"84a8d01b-c6db-4f20-9807-25c00ec8506a","containerId":"","name":"PUT /juegos/:id","url":"localhost:8080/juegos/636e206baa71c42737c400bd","method":"PUT","sortNum":40000,"created":"2022-11-11T10:15:08.082Z","modified":"2022-11-14T10:12:49.570Z","headers":[],"params":[],"body":{"type":"json","raw":"{\n  \"nombre\": \"Monopoly\",\n  \"descripcion\":\"Juego de \",\n  \"edad\":3,\n  \"numeroJugadores\":2,\n  \"tipo\":\"tablero\",\n  \"precio\":20,\n  \"imagen\":\"https://www.google.com/imgres?imgurl=https%3A%2F%2Fm.media-amazon.com%2Fimages%2FI%2F91MSg3Y%2BcOL._AC_SY355_.jpg&imgrefurl=https%3A%2F%2Fwww.amazon.es%2FMONOPOLY-Jeu-Classique-Nouvelle-Version%2Fdp%2FB06X9NDKS9&tbnid=GehX50BKC-wEqM&vet=12ahUKEwjUzZqo1KP7AhWkrycCHSTyB2gQMygCegUIARDwAQ..i&docid=uDt5fQC6IA7g8M&w=507&h=355&q=monopoly&client=opera-gx&ved=2ahUKEwjUzZqo1KP7AhWkrycCHSTyB2gQMygCegUIARDwAQ\"\n}","form":[]},"tests":[]},{"_id":"6afe30aa-4902-445d-a0cc-f5bb9f7b6202","colId":"84a8d01b-c6db-4f20-9807-25c00ec8506a","containerId":"","name":"put /juegos/ediciones/:idJuego","url":"localhost:8080/juegos/ediciones/636e206baa71c42737c400bd","method":"PUT","sortNum":50000,"created":"2022-11-11T10:33:53.788Z","modified":"2022-11-14T17:01:30.113Z","headers":[],"params":[],"body":{"type":"json","raw":"{\n  \"nombre\":\"Edición Borrado\",\n  \"anyo\":2022\n}","form":[]},"tests":[]},{"_id":"ecd80b5c-eaa3-4545-8a5c-8b050f5d63d7","colId":"84a8d01b-c6db-4f20-9807-25c00ec8506a","containerId":"","name":"DELETE /juegos/ediciones/:id/:idJuego","url":"localhost:8080/juegos/ediciones/636e206baa71c42737c400bd/6372747b9a019e4b812fb5ae","method":"DELETE","sortNum":60000,"created":"2022-11-14T11:40:07.633Z","modified":"2022-11-14T17:02:37.919Z","headers":[],"params":[],"tests":[]}]}
